INSERT INTO PROFESORES (ID, FECHA_NACIMIENTO, SUELDO, CLASES_ID, NUSS, TELEFONO, APELLIDO_PROFESOR, DNI, EMAIL, FOTO_PROFESOR, NOMBRE_PROFESOR) VALUES (1, '1985-06-12', 2200.50, NULL, '12345678', '600123456', 'González', '12345678A', 'maria.gonzalez@example.com', 'maria_gonzalez.jpg', 'María');
INSERT INTO PROFESORES (ID, FECHA_NACIMIENTO, SUELDO, CLASES_ID, NUSS, TELEFONO, APELLIDO_PROFESOR, DNI, EMAIL, FOTO_PROFESOR, NOMBRE_PROFESOR) VALUES (2, '1990-02-20', 2100.00, NULL, '87654321', '600987654', 'Ramírez', '23456789B', 'carlos.ramirez@example.com', 'carlos_ramirez.jpg', 'Carlos');
INSERT INTO PROFESORES (ID, FECHA_NACIMIENTO, SUELDO, CLASES_ID, NUSS, TELEFONO, APELLIDO_PROFESOR, DNI, EMAIL, FOTO_PROFESOR, NOMBRE_PROFESOR) VALUES (3, '1982-11-05', 2300.00, NULL, '11223344', '600555444', 'Fernández', '34567890C', 'lucia.fernandez@example.com', 'lucia_fernandez.jpg', 'Lucía');

INSERT INTO CLASES (ID, PROFESOR_ID, NOMBRE_CLASE) VALUES (1, 1, '3 años');
INSERT INTO CLASES (ID, PROFESOR_ID, NOMBRE_CLASE) VALUES (2, 2, '4 años');
INSERT INTO CLASES (ID, PROFESOR_ID, NOMBRE_CLASE) VALUES (3, 3, '5 años');

UPDATE PROFESORES SET CLASES_ID = 1 WHERE ID = 1;
UPDATE PROFESORES SET CLASES_ID = 2 WHERE ID = 2;
UPDATE PROFESORES SET CLASES_ID = 3 WHERE ID = 3;

INSERT INTO ALUMNOS (ID, FECHA_NACIMIENTO, ALUMNOS_ID, CLASES_ID, PROFESOR_ID, TELEFONO_CONTACTO, APELLIDO_ALUMNO, DNI, EMAIL_CONTACTO, FOTO_ALUMNO, NOMBRE_ALUMNO, ALERGIAS) VALUES (1, '2019-03-15', 1, 1, 1, '600111222', 'Martínez', '45678901A', 'ana.martinez.parent@example.com', 'ana_martinez.jpg', 'Ana', '["gluten","lactosa"]');

INSERT INTO ALUMNOS (ID, FECHA_NACIMIENTO, ALUMNOS_ID, CLASES_ID, PROFESOR_ID, TELEFONO_CONTACTO, APELLIDO_ALUMNO, DNI, EMAIL_CONTACTO, FOTO_ALUMNO, NOMBRE_ALUMNO, ALERGIAS) VALUES (2, '2020-07-22', 2, 2, 2, '600222333', 'Sánchez', '56789012B', 'juan.sanchez.parent@example.com', 'juan_sanchez.jpg', 'Juan', '["cacahuete"]');

INSERT INTO ALUMNOS (ID, FECHA_NACIMIENTO, ALUMNOS_ID, CLASES_ID, PROFESOR_ID, TELEFONO_CONTACTO, APELLIDO_ALUMNO, DNI, EMAIL_CONTACTO, FOTO_ALUMNO, NOMBRE_ALUMNO, ALERGIAS) VALUES (3, '2018-11-30', 3, 3, 3, '600333444', 'López', '67890123C', 'maria.lopez.parent@example.com', 'maria_lopez.jpg', 'María', '["polen","levadura"]');

INSERT INTO INCIDENCIAS (RESUELTA, ALUMNO_ID, FECHA, ID, PROFESOR_ID, DESCRIPCION, GRAVEDAD, OBSERVACIONES_RESOLUCION) VALUES (0, 1, '2025-10-23', 1, 2, 'Corte pequeño en la mano izquierda; limpiada y vendada en enfermería. Se avisó a la familia.', 'MEDIA', NULL);

INSERT INTO INCIDENCIAS (RESUELTA, ALUMNO_ID, FECHA, ID, PROFESOR_ID, DESCRIPCION, GRAVEDAD, OBSERVACIONES_RESOLUCION) VALUES (1, 2, '2025-10-24', 2, 1, 'Conflicto en el patio entre dos niños; mediación y seguimiento por el tutor.', 'BAJA', 'Padres informados; seguimiento en clase.');

INSERT INTO INCIDENCIAS (RESUELTA, ALUMNO_ID, FECHA, ID, PROFESOR_ID, DESCRIPCION, GRAVEDAD, OBSERVACIONES_RESOLUCION) VALUES (1, 1, '2025-10-24', 3, 3, 'Puerta del aula quedó entreabierta tras el recreo; cerrada y comprobado el mecanismo de cierre.', 'ALTA', 'Notificada dirección; revisado cierre y aplicada medida correctora.');

